{
	"effect": [
        {
            "name": "surface_layout_leftright_20200210_ge",
			"vertexShader": "Resource/normal.vsh",
			"vUniforms": [
               
              
                {
                    "name":"touch_dy",
                    "type": 3,
                    "data":[0.0]
                },
                {
                    "name":"touch_y",
                    "type":3,
                    "data":[0.0]
                }
            ],
			"fragmentShader": "Resource/matting.fsh",
			"fUniforms": [
				{
					"name": "mattingTexture",
					"type": 2000
				},
				{
					"name": "originTexture",
					 "type": 100
				},
                {
                    "name": "bgTexture",
                    "type": 3000,
                    "renderCacheKey": "MULTISRC_1_0"
                },
                {
                    "name":"maskFlag",
                    "type":3,
                    "data":[1.0]
                }
            ],
            "BRCDrawParam": {
                "BRCDrawMode": 4,
                "BRCDrawCount": 12,
                "BRCDrawVertexStep": 3,
                "BRCDrawUVStep": 2,
                "BRCDrawVertexData": [
                    -1.0, -1.0, 0.0,
                    -1.0, 1.0, 0.0,
                    0.0, -1.0, 0.0,
                    0.0, 1.0, 0.0,
                    0.0, -1.0, 1.0,
                    0.0, 1.0, 1.0,
                    1.0, -1.0, 1.0,
                    1.0, 1.0, 1.0
              
                ],
                "BRCDrawUVData": [
                    0.0, 0.0,
                    0.0, 1.0,
                    1.0, 0.0,
                    1.0, 1.0,
                    0.0, 0.0,
                    0.0, 1.0,
                    1.0, 0.0,
                    1.0, 1.0
                    
                ],
                "BRCDrawIndexData": [
                    0, 1, 2,
                    1, 3, 2,
                    4, 5, 6,
                    5, 7, 6
                ]
            }
		}
	],
	"version": 1.1
}
